<application>
  <component name="FileTypeManager" version="18">
    <extensionMap>
      <mapping pattern="manifest" type="PLAIN_TEXT" />
      <mapping pattern="mainfest" type="PLAIN_TEXT" />
      <mapping pattern="out" type="PLAIN_TEXT" />
      <mapping ext="pid" type="PLAIN_TEXT" />
      <mapping ext="lock" type="PLAIN_TEXT" />
      <mapping ext="ini" type="PLAIN_TEXT" />
      <mapping pattern="TO" type="Shell Script" />
      <removed_mapping ext="csv" approved="true" type="CSV/TSV" />
      <removed_mapping ext="ignore" approved="true" type="IgnoreLang file" />
      <removed_mapping ext="tsv" approved="true" type="CSV/TSV" />
    </extensionMap>
  </component>
</application>